name,id,tel,merchandise number,merchandise id
1,Rfkqyu Qfjkx,793-8024-8390,8,66,93,43,88,4,28,30,41
2,Inuj Wojn,489-6348-9910,3,84,38,85
3,Zvh Zu,175-7362-0533,5,49,83,27,62,63
4,Qdrssc Satrub,861-5686-8853,8,67,28,69,49,19,15,17,14
5,Hieit Wlif,554-6630-9473,9,32,73,11,36,22,95,46,54,61
6,Yqo Brq,240-4954-0096,2,50,65
7,Pybrpku Vdyobi,936-5978-8316,3,15,10,95
8,Jglkn Endpl,652-3292-9939,10,33,55,37,97,37,82,33,80,97,84
9,Alya Lyg,345-4216-0559,8,98,100,79,84,40,62,62,20
10,Rt It,031-2560-8879,9,16,45,21,71,96,89,91,60,21
11,Ibvjkm Pyzsi,727-3584-9492,3,81,90,63
12,Zjfc Igig,413-1808-0012,8,99,82,5,45,55,49,49,93
13,Qop Sg,106-9822-8332,5,64,27,47,32,58
14,Hwclhu Rtjzff,892-0176-9955,6,82,72,89,19,14,56
15,Yembf Okbv,588-8190-0575,7,47,17,31,6,17,36,36
16,Smz Udi,204-9414-8868,6,65,62,73,93,73,63
17,Jrjnbct Oqgzim,997-7738-9488,5,30,7,15,80,29
18,Azwdz Wmwcq,683-8752-0008,3,48,99,57
19,Rhgw Aqc,379-6006-8321,7,13,44,99,7,88,50,52
20,Ip Tm,065-7020-9941,2,31,89
21,Zudfwe Ormat,758-5344-0564,1,96
22,Qcqv Ubew,444-6361-8884,4,14,79,25,68
23,Kka Ov,160-4615-9404,10,79,24,67,55,6,17,68,45,30,47
24,Bsnetp Qmwhqj,856-5639-0027,3,97,16,9
25,Sxxxr Jgri,549-3953-8347,2,62,61
26,Jfh Npd,235-1977-9967,1,80
27,Anugnxs Hgonmq,921-2291-0580,6,98,51,35,3,24,84
28,Rvewo Rlpsy,617-0245-1100,4,63,96,77,90
29,Iarp Mlb,300-1569-9423,7,81,41,72,77,83,91,42
30,Zi Bf,096-9583-0043,4,46,33,14,64
31,Tqoyiz Nkzfh,712-0807-1633,6,64,78,56,51,42,98
32,Kyyr Jtdp,408-8151-9956,10,29,23,98,38,45,78,29,17,91,86
33,Bdl Hh,191-9175-0576,2,47,68
34,Slvafh Pfjpbq,887-7499-1199,10,12,13,82,12,57,85,87,50,15,45
35,Jtiqd Bfkv,573-8413-9419,6,30,58,24,99,60,65
36,Abs Jbv,269-6737-0039,6,95,50,66,86,16,45
37,Rgczcpr Atwyqx,952-4781-1652,5,13,95,8,73,19
38,Iopsa Jhffg,648-5005-9972,2,78,40
39,Cwzi Yda,364-3029-0592,10,96,85,92,100,78,32,32,3,75,66
40,Te Mb,050-4343-1115,20,61,30,34,87,34,59,61,96,87,69,92,80,42,50,34,20,99,89,85,89
41,Kjwrur Japns,743-2367-9435,31,79,75,76,74,37,39,90,36,99,25,14,42,52,63,67,19,77,58,20,39,10,23,1,1,43,65,53,60,4,78,73
42,Brjk Vlci,439-3611-0058,1,44
43,Szt At,125-1638-1678,17,62,12,60,48,96,46,48,69,23,31,5,13,72,89,86,17,39
44,Jhgtrc Lvzumu,811-2952-9998,40,27,57,2,35,52,26,77,9,35,87,27,22,29,2,72,69,17,59,31,89,94,12,55,37,95,8,6,56,73,79,48,36,34,25,40,64,19,20,16,94
45,Apqjp Wedl,507-0976-0511,46,45,2,44,22,55,6,6,2,100,90,96,84,39,15,5,68,48,75,19,86,73,24,22,100,28,40,8,88,94,99,73,82,70,63,85,45,63,67,73,48,99,91,17,9,22,94
46,Uud Cqq,220-1220-1101,41,10,47,86,9,11,33,35,42,12,46,18,46,49,75,91,67,79,44,7,36,52,89,89,10,14,72,57,20,15,66,98,28,59,48,30,26,7,61,83,2,52
47,Lcnvokn Qgejxb,916-9544-9424,49,28,92,28,96,14,13,64,35,24,49,40,55,59,88,24,66,57,60,42,86,78,1,56,73,47,51,59,52,89,33,23,21,48,86,75,54,51,55,40,56,58,60,5,45,2,95,39,37,48
48,Ckalm Egyso,602-0568-0044,11,93,84,70,83,70,93,93,75,36,5,9
49,Tske Kyz,398-8882-1664,17,11,29,12,70,73,20,22,15,48,8,31,26,79,14,43,64,19
50,Kx Uu,081-6806-9987,45,76,74,54,57,29,100,51,8,60,11,53,88,89,27,29,63,97,61,6,36,15,90,57,9,99,94,12,48,5,87,98,59,62,47,10,44,83,90,64,65,70,84,90,2,25
51,Bfhnjm Itcvd,777-7150-0507,23,94,19,96,44,85,80,80,48,72,67,75,50,99,40,62,62,28,30,41,86,41,2,24
52,Snrd Hgbb,463-5174-1127,22,12,64,38,31,88,7,9,88,84,70,44,59,9,53,48,61,59,46,29,36,20,14
53,Jve Wf,159-6498-9740,41,77,9,80,18,44,87,38,81,96,26,66,21,19,13,81,60,37,15,17,86,99,26,58,98,51,37,18,44,21,41,73,44,76,8,45,34,62,25,41,74,35
54,Daomdu Komcay,872-4412-0060,11,95,1,22,5,47,67,67,21,8,29,88
55,Uibfe Odwy,568-5766-1683,30,60,46,64,92,3,94,96,14,20,32,57,92,39,39,100,11,46,47,40,86,4,3,92,71,70,48,69,8,16,75
56,Lql Vci,254-3780-2203,23,78,91,6,79,6,74,25,54,32,88,79,1,49,52,86,10,77,16,28,83,83,15,59
57,Cyyoacm Jwjubf,940-4004-0523,34,43,36,48,19,62,54,54,94,44,91,1,63,59,65,72,9,8,32,63,33,62,27,26,44,36,12,73,72,58,62,73,75,79,7
58,Tdiey Wfriw,633-2028-1146,28,61,81,43,6,65,81,83,87,56,47,70,25,16,78,5,8,86,1,51,83,41,92,93,7,22,91,22,4
59,Klvx Wqy,329-3342-2766,32,26,26,85,93,21,61,12,27,68,50,92,34,26,38,91,7,17,17,39,33,67,4,60,70,55,23,24,36,53,96,70,14
60,Bt Fn,015-1396-0089,7,44,18,27,80,24,41,41
61,Vbpgve Hmsdo,731-9610-1609,20,9,63,69,67,80,68,70,60,45,9,83,5,46,64,10,5,26,2,62,33
62,Mgcz Tyau,424-0934-2299,25,27,8,11,54,83,48,99,100,57,12,5,67,56,77,43,4,57,18,50,83,4,93,61,6,7
63,Dom Pr,110-8958-0512,16,92,53,53,41,39,28,28,93,69,68,27,29,66,90,29,3
64,Uwzisp Jhzklf,806-9205-1132,38,10,98,95,28,42,55,57,33,81,71,96,38,76,3,62,2,66,3,73,83,9,17,48,32,26,77,81,96,64,84,95,91,49,14,93,13,93,18
65,Lejyq Jcpl,592-7229-2752,30,75,43,37,15,98,35,86,73,93,27,18,100,86,16,48,1,97,72,61,33,88,82,15,42,59,9,83,28,85,4
66,Cjw Rod,285-8543-0075,20,93,35,79,2,1,15,15,66,5,30,40,9,96,76,81,53,28,88,49,83
67,Trghmxl Cjrffm,971-6567-1695,17,58,80,21,89,57,42,44,6,17,33,62,71,6,89,67,52,6
68,Kztak Rekve,667-7881-2218,4,76,25,63,76
69,Ehdq Llu,383-5835-0538,13,41,70,5,63,16,2,2,39,41,92,53,42,26
70,Vm Qj,076-6159-1158,15,59,15,47,50,72,29,31,79,53,48,75,4,36,28,19
71,Muazhz Gfflz,762-4173-2771,49,24,7,89,37,75,9,60,72,65,51,44,13,46,41,5,48,77,74,83,80,9,7,17,67,63,42,89,20,17,59,70,7,66,74,61,21,48,82,38,34,13,17,32,54,74,7,56,23,26
72,Dcns Ftwk,458-5497-0091,5,42,52,31,24,31
73,Ukx Id,144-3411-1611,39,7,97,73,11,34,16,18,52,89,10,88,84,13,14,24,46,86,59,59,80,14,84,51,40,29,6,93,84,12,46,20,46,91,97,51,83,36,70,5
74,Lphbeh Iapswj,837-1765-2234,39,25,42,15,98,90,96,47,45,1,13,57,46,23,27,57,45,17,75,94,30,93,96,18,3,15,85,42,16,86,13,45,92,80,35,96,11,80,17,15
75,Cxurc Byfb,523-2789-0554,43,90,87,57,38,93,76,76,85,66,69,79,8,33,40,43,44,48,44,82,80,72,8,85,66,48,17,44,48,7,80,70,38,69,20,41,92,24,11,72,97,31,2,61
76,Tfe Kav,219-0003-1177,29,8,32,99,25,49,56,5,78,78,72,1,17,43,53,29,43,26,60,70,30,98,20,52,76,81,49,46,80,28
77,Nnrdypk Vwzqjq,935-1327-2767,47,73,24,41,12,52,83,34,18,90,28,70,79,53,66,62,95,57,29,5,80,77,85,19,39,67,28,48,12,2,67,20,77,47,96,31,1,12,99,39,5,90,71,2,68,67,10,50
78,Esbtz Jaaij,628-9371-0087,21,91,69,83,99,8,63,63,58,2,31,92,88,63,79,48,94,88,45,93,30,56
79,Vaom Xdt,314-0695-1600,47,9,14,25,86,11,43,92,51,14,34,14,50,73,39,81,93,66,61,81,27,35,9,53,65,33,39,99,76,44,1,70,69,72,19,21,10,47,40,6,60,49,87,90,57,100,11,95
80,Mi Yc,000-8619-2220,34,74,59,67,73,67,70,21,91,26,90,83,12,83,52,67,92,97,30,69,77,61,21,20,75,19,71,1,8,18,68,95,62,61,57
81,Dqlvtr Cystn,796-9933-0843,16,92,4,9,60,70,50,50,84,38,93,5,21,93,65,100,91
82,Uvvl Rlvd,489-7957-1163,25,57,49,51,47,26,30,79,24,50,49,27,83,3,78,86,90,6,15,92,77,19,98,54,1,85
83,Ldi Es,175-8201-2783,32,75,41,93,34,29,57,8,64,62,52,49,92,13,91,19,89,37,31,80,27,98,10,21,64,71,14,54,4,34,22,70,47
84,Flsuqz Htcahn,891-6225-3306,25,40,86,35,21,85,37,37,57,74,8,18,54,23,4,5,88,15,47,15,77,77,75,88,74,4
85,Wtcno Txyo,587-4549-1626,46,58,31,77,8,41,17,66,97,86,11,40,16,33,64,38,87,46,16,3,27,3,87,8,37,37,25,58,68,29,56,20,39,53,41,44,90,11,10,7,31,26,41,60,71,93,14
86,Nyp Dmq,270-5566-2246,39,23,76,19,95,44,44,95,37,98,14,62,25,43,77,24,86,77,32,91,77,82,99,75,100,23,57,60,100,50,76,45,85,89,79,89,71,55,4,64
87,Egzwnkj Omheqx,966-3810-3869,32,41,21,14,82,100,24,24,30,10,70,31,87,100,90,57,38,55,1,79,27,61,11,42,63,56,89,9,32,71,43,70,78
88,Vomml Eztyr,652-4834-1189,28,6,66,56,69,3,4,53,70,22,73,53,96,10,3,43,37,86,17,14,77,40,76,9,73,89,68,11,64
89,Mwwf Jys,348-2158-2702,45,24,58,98,56,59,31,82,63,34,29,75,58,20,16,76,36,17,86,2,27,66,88,76,36,75,100,13,96,66,77,20,70,56,87,24,61,34,39,88,94,44,26,89,96,53
90,De Jv,034-3172-3322,16,89,3,40,43,62,11,11,3,99,32,44,20,30,29,62,35
91,Ujtofm Boiyy,727-1496-1642,45,7,48,82,30,18,91,40,43,11,35,66,29,40,42,95,34,26,18,25,74,24,12,10,9,41,11,64,60,61,64,70,9,81,63,14,70,22,27,55,49,3,42,30,85,86
92,Orgh Gguw,443-2740-2235,17,72,93,24,17,21,18,69,36,23,91,88,91,50,2,81,33,57
93,Fzq Xe,139-0764-3855,37,90,38,66,4,77,98,98,76,35,94,57,100,60,15,67,32,35,3,1,74,29,89,44,35,60,22,68,24,3,98,20,1,59,86,4,79,10
94,Whdqcu Djpisu,825-1088-1178,18,55,83,8,44,80,78,27,69,47,50,79,62,70,28,100,31,66,72
95,Nmnga Owrb,518-9002-2798,36,73,75,50,31,36,5,56,9,59,53,1,71,80,41,86,30,97,88,24,74,87,13,78,8,79,86,19,88,98,85,70,40,84,9,94,41
96,Eua Zbi,204-0356-3318,48,38,20,92,18,39,85,85,49,71,9,70,33,90,54,19,29,75,4,12,24,66,78,45,71,12,65,21,20,72,52,95,86,73,47,39,69,89,3,46,66,74,35,3,31,36,43,75,92
97,Vckpzcf Ezppub,990-8370-1631,4,56,65,34,5
98,Mkuix Wymlz,686-6694-2251,45,21,10,76,92,98,92,43,82,95,15,14,4,10,27,38,80,37,89,35,24,71,2,79,97,31,76,25,84,14,39,45,25,98,70,82,78,77,91,13,74,33,4,91,20,69
99,Gphy Vqr,309-7618-3871,44,39,55,18,79,54,72,72,22,7,71,83,66,20,40,24,79,15,58,23,74,50,14,46,7,64,8,74,16,88,6,70,71,87,8,27,59,21,85,23,75,39,12,88,88
100,Xx Rr,095-5932-1194,9,4,100,60,66,57,52,1,15,19
101,Ofehue Ahvgj,781-6986-2714,24,22,92,2,53,13,79,30,55,31,30,27,37,87,66,43,77,77,43,46,21,55,91,80,33
102,Fnoa Sytp,477-4200-3337,33,87,37,44,40,69,59,59,48,43,33,49,99,97,79,76,76,55,59,34,71,34,3,47,96,16,51,80,12,4,60,45,56,1
103,Wsb Qq,160-5224-1657,19,5,82,86,27,72,39,88,88,55,89,18,8,7,92,62,75,86,75,22
104,Naljom Ccfngy,856-3548-2277,21,23,27,28,14,28,66,17,28,67,92,40,70,17,5,95,74,17,44,57,71,92
105,Eiyzm Gvkr,542-4562-3890,30,88,72,70,1,31,46,46,21,32,95,62,79,27,65,81,73,95,60,45,21,71,92,48,32,68,94,33,8,20,61
106,Vqi Sna,238-2816-1410,20,6,17,12,88,87,26,75,61,44,51,31,41,37,78,14,72,26,29,33,71
107,Pvvllxe Xpxayf,951-3133-2733,47,71,9,54,75,90,53,4,54,56,54,53,3,47,91,100,71,4,45,21,21,76,69,35,5,87,5,84,72,15,48,70,33,93,53,87,48,20,96,38,54,75,82,46,91,32,25,61
108,Gdfbj Rxfyh,647-1157-3323,2,89,54
109,Xlpu Hln,333-9471-1943,46,54,99,38,49,49,13,62,34,80,13,44,74,67,17,19,22,66,30,44,21,34,93,69,31,53,16,88,36,57,82,20,72,71,29,77,57,8,84,5,9,34,98,34,80,65,26
110,Ot Ck,029-0425-2266,6,72,44,80,36,5,40
111,Fymdgz Zaiou,712-8749-3886,41,37,89,22,23,8,20,20,67,4,72,88,45,87,90,38,20,75,15,67,21,39,70,3,4,72,80,39,100,52,69,70,64,96,52,20,19,96,25,72,17,93
112,Wgzt Etsi,408-9763-4406,17,55,34,64,10,64,100,49,7,16,75,57,54,97,3,24,19,6
113,Noj Mc,194-7087-2729,31,20,26,6,50,67,27,78,100,28,31,79,16,7,16,57,18,84,100,43,68,97,94,37,30,91,91,43,11,47,3,20
114,Ewwcah Bvsvrc,880-8001-3349,3,38,71,48
115,Ybgvb Bude,503-6355-4962,37,3,16,90,24,26,87,36,33,52,90,70,87,27,42,76,16,46,32,66,68,2,71,71,3,57,2,94,75,42,90,17,95,99,98,100,37,19
116,Pjt Lzv,299-7379-2282,4,21,61,85,11
117,Grdexpd Qcclfm,985-5693-3802,32,86,6,27,98,85,94,94,13,76,96,14,58,94,68,95,14,55,17,42,68,60,95,5,29,76,66,98,39,84,24,67,34
118,Xzquv Jwyop,671-6617-4425,27,4,51,69,85,41,74,23,6,88,52,36,20,4,28,81,13,86,86,77,18,86,7,72,39,9,45,100
119,Oean Wdm,364-4961-2745,21,69,43,11,72,97,1,52,46,100,55,5,82,14,41,14,12,64,2,65,68,65
120,Fm Nd,050-5985-3368,22,87,88,53,59,100,81,81,39,65,11,27,91,24,54,100,64,95,18,53,18,44,84
121,Wuxwsr Ytywf,746-3209-4988,6,52,33,95,46,56,61
122,Qchm Qloy,462-1223-2208,10,70,78,37,33,59,88,39,19,89,17
123,Hhu Fo,155-2547-3891,18,35,23,79,20,15,68,68,12,1,73,40,24,54,93,52,61,35,72
124,Ypeypz Aofdcj,841-0891-4411,14,53,68,21,7,18,48,97,52,13,76,62,86,64,53
125,Pxron Tqtr,537-1815-2731,38,18,60,63,94,74,75,26,92,25,32,31,95,74,66,71,59,44,4,87,15,86,97,41,27,99,63,8,95,11,66,67,96,83,19,3,35,6,53
126,Gfb Hln,223-9139-3354,38,36,5,5,81,77,55,55,85,37,35,53,57,84,79,57,58,75,73,75,65,65,62,8,37,32,42,10,27,85,86,92,42,19,57,48,16,50,47
127,Xkoxjhc Jpkwjq,916-0153-4974,45,1,50,47,68,33,35,84,25,49,91,75,66,94,92,90,57,6,89,63,15,91,74,28,100,65,74,12,59,6,53,17,35,8,42,93,97,94,41,55,69,12,7,91,22,44
128,Osyqk Esobx,602-8400-2297,32,19,95,89,55,36,62,13,18,61,94,44,28,4,5,76,56,84,58,98,65,70,86,95,63,51,53,61,91,27,20,42,81
129,Falg Iyl,398-9424-3817,47,37,40,31,42,92,42,42,58,73,97,66,37,14,18,9,55,15,74,86,15,49,98,62,73,84,85,63,23,1,87,67,27,86,18,83,6,82,82,22,24,71,23,32,11,24,83,80
130,Zi Vz,014-7748-4437,22,2,85,73,29,95,22,24,98,85,53,88,99,71,31,95,54,46,43,74,65,28,63
131,Qnipem Ujlet,707-8762-2750,29,20,77,15,69,51,49,53,91,97,56,57,61,81,91,81,6,24,59,9,15,54,75,96,99,50,96,67,87,43
132,Hvsi Cgnr,493-6086-3370,24,85,22,57,56,54,29,82,31,9,12,79,70,91,4,14,5,55,75,97,65,33,87,63,62
133,Ydf Yd,189-7030-4993,36,3,67,99,43,10,9,11,71,21,15,1,32,1,17,100,4,33,44,85,15,12,99,30,72,69,60,18,51,38,8,67,58,89,64,63,77
134,Plprbu Whvlnn,875-5354-2513,5,68,12,41,30,13
135,Gtzhz Opmh,561-3378-3833,36,86,57,83,17,69,16,69,4,98,74,92,3,21,43,19,2,95,29,8,62,17,76,64,98,88,71,22,15,33,95,17,97,14,87,53,86
136,Xym Axi,254-4692-4456,43,51,2,25,4,25,96,98,97,10,77,14,65,31,56,52,1,73,45,96,12,96,88,31,61,21,3,71,47,54,62,42,43,3,25,98,14,37,46,80,49,1,85,46
137,Rgwqvcb Cfsknu,970-2616-5076,43,69,94,67,91,28,23,27,37,22,33,36,74,41,16,38,100,4,61,84,62,75,100,98,71,54,82,73,79,28,29,67,89,92,63,43,95,81,40,37,3,7,93,90
138,Iojjw Wrhoc,666-3960-3366,14,34,39,9,78,84,3,56,77,34,36,5,36,51,29
139,Zwtc Uqk,352-1284-4989,21,52,84,51,65,87,83,85,70,46,92,27,45,61,42,57,98,13,46,7,62,80
140,Qb Gs,045-2208-5509,27,17,29,93,52,43,10,14,10,58,95,49,7,71,55,90,97,44,15,95,12,59,89,99,60,6,25,26
141,Hjqlqe Tcyme,731-0522-3822,25,35,74,35,39,46,90,43,3,70,98,18,69,81,68,76,96,75,31,30,62,38,54,66,70,92
142,Yrdb Rymk,427-1576-4442,7,100,66,77,26,2,70,72
143,Pzn Up,113-9890-5062,43,18,11,19,13,5,97,1,83,94,57,62,40,1,94,95,47,84,16,6,62,43,78,100,96,58,68,32,71,60,37,17,59,20,85,66,75,92,57,38,21,84,47,60
144,Geaknm Vxityr,806-0814-3385,28,83,56,61,100,61,77,30,76,6,13,31,49,58,54,28,46,15,32,41,12,22,90,67,6,44,100,81,3
145,Amkdl Gofu,522-8138-4905,31,1,1,56,87,64,57,59,16,18,16,53,11,68,67,14,45,93,1,29,9,1,55,34,69,77,79,83,35,2,71,67
146,Ruu Tja,218-6152-5525,48,66,46,98,74,20,84,88,56,30,19,75,20,78,80,47,44,24,17,17,59,80,67,1,32,10,11,85,67,76,91,92,44,34,46,1,65,24,92,62,30,96,71,45,85,13,68,60,77
147,Ichmkux Ssavub,904-7406-3848,13,84,91,40,61,23,64,17,49,42,75,44,82,88
148,Zhrci Oqaek,697-5420-4468,43,49,83,82,48,79,44,46,89,54,78,66,44,98,6,66,42,33,2,40,59,85,91,88,5,29,22,36,31,71,25,42,83,12,69,91,74,59,33,29,38,55,40,33
149,Qpev Glj,383-6747-5081,24,67,28,24,35,82,24,75,82,66,34,88,53,8,19,52,41,64,18,28,9,64,56,55,68
150,Hx Ol,079-4761-3301,12,32,73,66,75,38,51,4,22,31,37,10,15
151,Yfbefz Svorp,765-5015-4921,18,50,18,8,62,41,31,33,62,43,93,79,24,28,92,71,39,73,3
152,Pklu Dtld,458-3039-5544,1,15
153,Jsy Nb,174-4353-3864,13,33,8,92,36,53,38,91,95,67,99,23,48,48
154,Aaigzh Uqvbjv,860-2677-4457,18,98,100,34,23,56,18,20,88,79,55,92,57,58,31,76,89,13,57
155,Rivwx Bnyh,556-3691-5077,12,16,45,76,10,12,98,49,28,91,58,14,19
156,Inf Pyv,249-1945-3397,18,34,90,18,97,15,25,78,68,3,14,36,28,78,57,95,87,75,89
157,Zvsfwpw Lfigyf,935-2969-4910,38,99,35,60,84,71,5,7,61,15,17,5,90,88,17,28,86,53,58,26,56,90,58,91,66,85,51,48,19,19,34,67,91,7,52,49,44,2,85
158,Qdcyu Jptrs,621-0283-5530,4,17,80,2,71
159,Hlmo Sdf,317-8207-3150,24,82,25,44,58,30,12,65,41,39,76,49,61,55,43,47,84,62,43,49,56,48,82,25,92
160,Bq Zh,030-9551-4473,4,100,17,86,45
161,Syjxrr Robza,726-7575-5093,33,65,62,28,32,89,72,23,74,63,35,40,32,75,69,66,82,24,75,72,56,53,59,59,65,70,73,3,47,56,55,67,22,10
162,Jgwq Plhw,412-8899-3616,48,83,7,70,19,92,99,52,67,75,38,62,94,85,82,52,81,2,44,60,6,32,71,26,28,56,5,5,79,30,75,92,68,99,36,74,43,22,61,45,35,68,11,61,91,59,23,38,52
163,Aog Gn,108-6813-4936,14,48,52,12,6,48,79,81,7,87,94,31,56,95,42
164,Rttzlz Tjlgxc,891-7137-5556,35,66,97,54,93,51,59,10,47,99,97,53,65,5,55,71,32,64,29,83,6,90,48,60,1,22,16,9,43,72,9,42,7,24,59,64
165,Ibdpm Tmrx,587-5181-6179,2,31,42
166,Zjq Ikn,273-6405-4499,46,49,34,38,67,10,66,68,80,76,56,97,36,25,81,90,30,73,14,59,6,95,72,94,27,41,80,60,7,67,96,92,46,2,35,7,61,45,90,79,98,86,96,90,16,72,25
167,Qrayihv Evqrcj,969-4429-5012,34,14,79,80,54,66,46,97,73,88,59,66,98,35,94,23,29,4,30,47,56,74,84,61,37,74,59,62,39,41,63,17,92,38,20
168,Kwnrg Bomha,682-5743-6632,2,32,24
169,Bexk Hve,378-3097-4922,22,97,69,64,81,25,53,55,53,12,18,10,69,55,20,95,27,13,15,70,3,79,61
170,Sm Ha,064-1011-5545,48,15,14,6,68,81,33,84,46,24,21,79,31,65,80,28,26,44,31,58,53,58,73,15,26,26,2,15,35,57,64,92,77,5,81,87,32,21,19,13,61,4,81,19,94,85,27,77,63
171,Juutdm Qhohl,750-2338-6165,41,80,59,48,55,84,60,13,86,36,77,1,40,75,93,14,25,22,100,93,3,37,85,82,36,12,34,17,67,78,84,17,23,41,19,32,13,65,13,70,15,57
172,Azej Bggm,443-0352-4485,39,98,51,90,42,40,40,42,26,48,80,23,2,85,6,47,24,53,16,81,53,16,50,49,99,45,13,19,99,99,51,89,69,30,57,77,41,9,7,80
173,Rhr Cz,139-1676-5008,16,63,96,32,29,43,20,71,19,60,36,92,11,42,19,33,23
174,Ipbsau Scyoig,825-9620-6628,34,81,41,27,16,99,47,100,59,72,39,14,73,52,32,66,75,62,1,57,53,21,74,83,25,64,77,70,63,94,85,39,8,8,80
175,Cxoly Oihk,541-0944-4941,17,46,86,69,3,2,27,29,52,84,95,36,35,62,45,52,74,93
176,Tcy Bwi,234-8968-5561,17,64,31,11,90,58,7,58,92,96,98,5,44,72,5,85,73,24
177,Kkluucu Xivcjq,920-9282-6181,36,29,76,53,77,61,34,87,32,8,1,27,6,82,18,71,72,2,2,68,3,5,63,84,61,16,67,23,59,10,39,14,93,22,41,2,40
178,Bsvks Wkcui,616-7206-4404,26,47,68,95,64,17,14,16,25,20,57,49,15,92,31,4,71,33,71,3,53,84,75,51,24,49,99
179,Said Tqd,302-8550-5024,25,12,13,37,51,20,94,45,65,32,60,18,77,2,44,90,70,64,87,91,50,63,87,18,34,82
180,Ji St,098-6574-6647,31,30,58,79,38,76,21,74,58,97,16,40,39,12,57,23,69,42,3,79,100,42,52,85,97,68,10,29,55,26,93,89
181,Anfmpe Mxepz,781-7898-4967,31,48,3,21,25,79,1,3,98,9,19,62,48,22,70,9,68,73,72,14,50,68,64,52,60,1,42,78,87,100,60,14
182,Rvpc Nyff,477-5812-5587,24,13,48,63,12,35,81,32,38,21,22,31,10,32,83,42,67,4,88,2,100,47,76,19,70
183,Ldz Vo,193-3166-6100,34,31,93,5,99,38,8,61,31,33,78,53,19,42,43,28,66,82,57,90,50,26,41,86,33,20,53,82,51,42,47,64,16,50,63
184,Clmomm Oslwtk,889-4480-4490,25,96,85,47,86,94,88,90,71,45,81,75,81,52,56,61,65,13,73,78,100,5,53,53,96,53
185,Tqwek Ghax,572-2404-5010,35,14,30,89,73,97,68,19,11,57,37,97,90,62,69,47,17,91,89,13,50,84,65,20,59,86,17,33,15,37,81,14,55,28,86,15
186,Kyj Xia,268-3728-6633,29,79,75,31,60,53,95,48,4,69,40,66,52,72,82,33,16,22,58,1,100,10,77,87,69,72,96,35,47,58
187,Bgtnguq Qvdqnu,954-1742-4253,48,97,20,73,47,9,75,77,44,81,96,88,14,29,95,66,15,53,74,89,50,89,42,54,32,5,28,37,79,32,68,64,47,53,9,5,91,63,29,53,67,29,29,32,68,74,59,4,21
188,Soggh Ojvhq,640-2096-5576,45,62,65,15,87,12,55,6,37,93,99,10,23,39,8,52,14,31,43,24,100,68,54,21,95,38,7,39,11,53,35,89,40,42,47,50,19,7,76,63,21,82,37,76,36,64
189,Jtqw Fic,333-0010-6196,36,80,10,57,74,68,82,35,77,5,2,79,85,49,68,85,13,62,59,12,50,47,66,88,58,24,39,88,43,27,2,14,86,31,85,95,100
190,Ab Dp,029-1334-4716,1,45
191,Ujnfbw Lqrxk,745-9358-5039,2,63,47
192,Lray Ctey,431-0605-6659,41,28,92,83,35,30,69,22,50,41,17,92,18,79,7,90,10,2,60,23,47,31,55,42,94,76,82,94,39,43,56,89,71,45,46,30,90,30,5,44,84,100
193,Cwk Oa,124-8629-7272,22,46,37,25,22,86,49,51,90,53,20,14,27,89,20,23,9,33,29,11,97,10,67
194,Teuhyh Nlbeer,810-6943-5592,9,11,82,67,9,89,29,80,83,65
195,Kmhxw Bgtn,506-7967-6112,23,29,27,9,96,45,56,9,23,30,79,5,98,9,46,42,7,42,14,34,97,15,44,43
196,Bur Quv,292-5281-7735,30,94,19,51,83,48,36,38,16,42,82,27,60,19,6,28,59,73,30,22,47,94,56,10,93,61,4,49,67,80,77
197,Szegvpp Gllbry,985-6235-5055,39,12,64,93,70,4,16,67,56,54,38,49,22,29,19,61,58,51,46,10,97,73,68,77,56,94,36,51,99,1,44,14,48,37,30,8,89,50,28,35
198,Mhozt Jioxv,601-4559-6675,48,77,9,35,57,7,43,96,96,66,41,18,31,39,32,47,57,82,15,45,47,99,80,44,66,27,68,100,31,75,11,39,94,26,68,53,70,94,22,45,2,77,76,75,28,17,41,90,81
199,Dpbs Rdb,397-5873-7298,28,95,54,77,44,63,23,25,89,78,97,40,93,49,45,80,56,13,31,33,97,78,45,11,29,13,47,2,63
200,Ux Li,083-3897-5588,46,60,99,19,31,66,3,54,29,90,100,62,2,59,58,66,55,91,100,21,47,57,57,78,92,46,79,4,95,70,98,89,33,51,91,43,79,29,63,12,10,36,92,63,64,50,42
201,Lcybqr Kjefv,776-4141-6101,38,78,44,61,18,22,30,83,22,2,3,84,64,69,71,99,54,22,16,56,44,36,69,45,2,79,11,6,27,91,65,14,79,40,76,88,7,73,57
202,Ckir Oldr,462-2165-7721,19,43,36,3,5,25,10,12,62,14,59,53,73,26,31,85,53,53,85,44
203,Tsv Km,158-3489-5041,44,61,81,98,92,81,90,41,2,26,62,75,35,36,44,18,52,31,1,32,44,41,46,79,28,98,22,57,91,86,52,64,18,65,52,78,69,61,98,36,19,48,69,48,21
204,Kafakz Meompv,844-1403-6664,20,26,26,40,79,37,17,70,95,38,18,97,97,46,57,4,51,62,17,20,94
205,Bfsti Tfma,537-2727-7284,20,44,71,82,66,40,97,99,35,50,21,66,6,56,70,90,50,93,86,55,44
206,Vnc Jjn,253-0771-5507,49,9,16,24,6,96,77,28,75,62,77,88,68,66,83,23,49,71,2,43,94,78,35,80,64,50,65,10,87,2,53,39,3,32,13,13,59,93,33,60,28,13,93,33,31,43,45,29,92,55
207,Mvmchho Zytmyf,949-8095-6127,41,27,61,66,93,99,4,57,68,74,80,10,77,76,96,9,1,2,71,31,44,4,47,47,27,83,44,12,19,23,73,64,49,68,98,11,87,37,27,70,82,66
208,Ddzsf Bhhkd,635-9019-7747,4,45,53,8,80
209,Uijl Dvx,328-7333-5060,5,10,98,50,67,58
210,Lq Wb,014-8357-6680,14,28,43,92,54,14,91,44,41,63,42,23,10,6,82
211,Cygucj Jcukg,700-6601-7200,11,93,88,34,41,17,71,73,81,75,98,92
212,Tgtk Adzk,496-7625-5823,22,11,33,76,28,73,51,2,74,87,1,14,81,26,8,80,96,51,57,65,41,46,60
213,Nld Dy,119-5942-6143,35,76,25,18,15,76,78,31,14,99,4,36,43,36,21,66,95,82,73,53,91,25,72,2,99,87,30,71,11,55,28,14,19,49,20,81
214,Etqwwu Lxeudz,805-6266-7766,17,94,70,60,2,32,58,60,7,11,60,5,5,46,34,99,94,60
215,Vbamx Obfn,591-4210-5356,42,59,15,2,89,35,38,89,47,23,63,27,14,56,94,85,93,91,58,76,91,30,49,36,25,6,94,22,75,50,15,64,11,74,96,71,76,36,85,85,8,2,24
216,Mjn Fvi,287-5534-6676,38,77,60,44,76,91,65,18,87,35,19,49,76,13,7,18,92,22,74,64,41,9,61,3,35,39,73,24,7,71,82,89,57,63,81,16,57,80,79
217,Doxvtcn Slbxcj,970-3558-7299,45,42,5,86,63,94,45,47,80,47,22,71,85,23,20,4,91,100,43,52,91,88,73,70,98,25,5,26,39,45,49,14,50,52,19,61,38,71,26,52,16,61,40,76,38,39
218,Uwhor Wdaxl,666-1872-5819,24,60,50,28,50,50,25,76,20,59,78,40,47,33,33,37,43,31,59,87,41,67,38,37,61
219,Leue Pqw,352-2896-6139,8,25,42,70,37,6,52,5,60
220,Cm Ex,048-0140-7752,21,43,87,12,24,9,32,34,53,83,84,84,18,53,59,56,41,40,44,63,41,72
221,Wrrnoe Ivhsr,761-1164-8372,12,8,32,54,11,65,12,63,93,95,40,53,80
222,Nzbg Myya,457-9488-6695,13,26,77,96,98,68,39,92,86,7,43,75,89,73
223,Eho Wk,143-0402-7215,32,91,22,38,85,24,19,21,26,19,99,97,51,83,45,61,38,80,45,74,91,56,51,72,23,29,91,32,31,77,57,64,73
224,Vpyplm Kqrzog,839-8756-8835,30,9,67,80,72,27,99,50,66,31,2,66,60,93,58,47,37,11,14,62,88,35,63,39,33,62,70,34,10,98,24
225,Mxlfj Gavd,525-9770-6158,39,74,59,22,12,83,79,79,59,96,5,88,22,3,71,80,36,42,30,97,38,14,28,6,96,95,2,36,42,72,91,14,12,58,64,74,27,23,84,20
226,Dcv Yha,218-7094-7778,42,92,4,64,99,86,6,8,99,8,61,10,84,13,84,66,35,20,99,85,88,93,40,73,59,81,81,85,74,93,58,39,58,47,2,19,55,14,78,77,96,50,18
227,Ukiofum Lbjign,904-8018-8391,31,57,49,6,86,42,86,37,92,20,64,79,93,23,97,99,34,51,15,73,38,72,52,40,22,14,13,87,6,14,78,64
228,Lsshd Ocqnt,690-6332-6611,4,75,94,48,73
229,Fafa Eiv,316-7686-7231,45,40,39,90,60,1,93,95,72,44,23,23,64,43,70,18,85,60,100,96,38,77,29,74,95,33,24,91,70,9,12,14,43,61,63,54,45,46,13,1,5,15,95,63,19,25
230,Wf Pq,009-5600-8824,30,58,84,32,47,4,73,24,65,56,79,92,26,53,83,4,84,91,16,84,88,56,41,41,58,66,56,40,2,83,79
231,Nnzjaw Eluac,795-3924-6144,36,23,76,74,34,60,53,53,5,68,82,14,88,10,96,37,83,22,85,19,38,35,53,8,21,99,88,42,34,4,99,11,82,39,86,44,54
232,Evmz Yqxt,481-4948-7764,34,41,21,69,21,63,80,82,45,80,85,36,97,20,9,23,82,100,1,7,88,61,65,28,31,85,67,44,66,25,66,36,28,75,24
233,Vdw Sz,177-2292-8387,39,59,66,11,8,19,60,11,38,92,41,58,59,30,22,56,81,31,17,95,38,40,30,95,94,18,99,46,98,99,33,61,74,64,9,34,16,22,42,35
234,Mijixh Ggehzk,860-3219-6607,18,24,11,53,95,22,40,40,78,4,44,27,68,40,35,42,80,62,86
235,Dqtbv Bzoq,556-1533-7220,33,42,56,95,82,78,67,69,71,16,100,49,30,50,95,75,79,40,2,18,85,98,54,29,67,37,10,97,62,41,20,11,13,42
236,Xyg Rtv,272-2557-8840,35,7,1,37,69,34,47,98,11,28,3,71,39,60,8,61,78,71,71,6,35,24,66,96,30,70,42,99,94,15,87,36,59,78,70,22
237,Ogqkrpi Boowku,968-0871-6160,6,25,93,79,56,37,27
238,Fldas Jbjab,651-1825-7783,27,90,38,21,43,93,54,56,44,52,62,62,63,80,34,80,76,80,56,29,35,82,43,30,56,89,53,3
239,Wtnt Qdu,347-9149-8303,8,8,83,63,30,96,34,85,84
240,Nb Aj,033-0163-6926,14,73,28,5,17,52,14,14,77,29,21,53,34,100,60
241,Ejkcmr Dekiq,729-8487-7246,49,91,73,47,4,55,41,43,17,41,24,75,43,10,20,32,26,20,57,40,85,66,32,31,92,41,96,56,54,26,75,61,36,70,7,47,5,21,100,3,94,69,50,3,47,11,86,85,38,66
242,Vous Klwm,412-6401-8866,7,56,18,89,91,11,21,72
243,Mwh Ll,108-7755-6489,7,74,10,31,78,14,1,1
244,Gerbjz Fzupko,824-5779-7709,50,39,55,73,18,70,28,30,90,77,86,88,76,40,59,37,23,60,58,4,35,50,21,32,28,93,39,9,50,42,29,36,21,84,15,82,95,100,35,27,56,81,27,88,4,81,11,32,34,75,29
245,Xmeuh Tyhd,510-6093-8399,24,57,100,15,5,73,8,59,30,89,42,10,38,97,72,23,22,91,74,39,85,29,33,99,91
246,Oro Nfn,203-4317-9912,26,22,45,57,92,29,88,88,23,1,45,79,47,7,85,56,21,69,43,27,82,8,45,66,54,59,50
247,Fzbdghh Ubwhry,999-5361-7232,13,40,90,99,79,32,15,17,63,13,1,1,9,17
248,Whlwe Bacnj,685-3685-8855,48,5,35,41,66,88,95,46,56,25,4,23,71,27,58,75,19,31,28,50,82,66,22,100,27,78,61,64,78,79,50,36,52,87,14,15,13,76,64,61,19,99,59,17,82,94,13,75,66
249,Npym Cvt,371-4609-9475,40,23,27,83,53,91,75,75,96,37,7,45,80,37,71,61,18,9,44,38,32,92,34,67,90,11,93,66,10,100,17,61,45,76,52,60,94,20,58,18,20
250,Eu If,064-2923-7795,2,88,72
251,Ycvvyj Cxxqb,780-3947-8318,25,6,17,67,27,50,82,33,29,61,66,36,51,57,97,80,69,71,29,61,32,50,58,1,63,30
252,Pkfo Zdvf,476-1291-9938,4,71,62,9,14
253,Gss Ex,162-2215-7251,6,89,7,51,1,62,89
254,Xxcxvr Eshxvv,855-0539-8871,41,54,52,93,88,65,69,20,2,97,81,49,84,87,83,32,66,11,30,25,82,34,47,55,99,82,47,23,70,11,5,86,22,68,36,85,93,87,34,9,37,76
255,Ofmnt Lxat,541-8553-9491,13,72,44,35,75,21,49,49,42,62,84,71,46,97
256,Fnz Gui,237-9800-7714,46,37,89,77,62,24,76,78,35,74,87,40,55,7,9,51,64,20,15,48,82,92,24,89,25,1,58,74,34,6,92,36,14,93,59,75,2,75,22,76,45,35,29,75,32,67,17
257,Wvjwscg Nresvc,923-7824-8334,14,55,34,19,49,80,56,7,75,86,43,62,17,17,22
258,Nawpq Wzvdo,616-8148-9954,37,73,79,61,36,83,36,36,15,98,46,84,26,27,35,70,62,29,100,71,29,97,48,23,98,67,22,78,98,1,26,86,53,71,35,65,11,63
259,Higf Oqp,332-6162-7277,13,38,24,3,23,39,63,65,8,10,2,53,88,84
260,Yq Ty,028-7486-8897,48,56,69,45,10,42,43,47,48,22,5,75,50,94,61,42,60,91,85,47,29,55,25,57,24,86,33,29,62,43,13,36,92,96,58,55,73,51,51,10,8,53,14,4,10,80,19,10,9
261,Pydrne Bqkym,714-5730-9480,26,21,61,40,97,98,23,76,41,34,8,97,59,4,21,75,12,69,1,35,79,81,37,24,87,19,65
262,Gdqh Lyrv,407-6754-7700,31,39,6,82,37,1,50,5,81,46,64,66,21,14,34,61,11,100,17,70,29,60,49,91,97,52,44,33,26,38,47,86
263,Xla Aj,193-4078-8320,34,4,51,24,24,57,30,34,21,58,67,88,30,24,47,94,10,78,86,58,79,39,14,58,60,38,76,82,58,12,14,11,30,63,19
264,Otnqhm Dlufjz,889-5092-9943,43,22,96,66,11,60,10,63,14,70,23,10,92,34,60,80,9,9,2,46,29,18,26,25,23,71,8,84,90,33,34,36,23,99,57,88,91,74,80,44,71,71,99,33
265,Fbxji Gttg,575-3346-7563,35,87,41,8,98,16,37,92,54,82,26,79,54,44,73,13,8,40,71,81,79,44,38,92,86,4,87,86,22,54,1,61,69,88,42,33
266,Wgk Zga,268-4360-8886,22,5,86,50,85,19,17,21,94,94,82,1,63,54,86,99,7,18,87,69,29,23,50
267,Qouseuf Gemdzj,984-2684-9406,9,70,78,92,72,75,97,50,87,6
268,Hweic Ovoqw,670-0608-7026,35,88,23,34,59,78,24,79,27,18,88,45,34,74,59,18,5,80,72,92,76,81,27,93,22,56,30,39,18,70,55,36,54,2,3,68
269,Yerb Aio,366-1922-8349,12,53,68,76,46,34,4,8,20,30,44,14,96
270,Pm Br,052-9976-9969,34,71,13,18,33,90,84,37,60,95,47,36,58,94,85,37,3,89,57,68,76,86,51,27,95,75,41,43,82,65,89,86,46,80,26
271,Grokzw Xjadx,745-0290-7589,8,36,58,60,20,93,11,66,100
272,Xzya Xqqo,431-8214-8802,7,54,3,2,7,49,91,95
273,Ohl Tv,127-9538-9422,43,19,95,44,94,52,71,24,33,31,9,49,38,24,24,89,53,29,58,79,26,23,40,28,31,27,84,96,78,81,43,61,31,94,87,93,61,17,85,69,51,60,77,88
274,Ipvjte Ceknud,843-7552-0045,9,37,40,86,81,8,98,53,26,43
275,Zuicu Ysjw,536-8806-8365,15,2,85,28,68,11,78,82,66,55,68,40,9,91,97,8
276,Qcs Vss,222-6120-9955,1,20
277,Hkflqpe Zruogn,918-7147-0578,30,85,75,12,42,70,85,40,99,79,27,84,33,11,23,27,49,100,28,78,26,86,41,49,30,12,59,51,6,71,64
278,Yspeo Juede,604-5461-8898,11,3,20,54,29,26,65,69,39,91,83,53
279,Pxzu Pdn,397-3415-9418,42,68,12,96,16,29,45,98,79,3,86,75,4,31,49,99,47,9,13,1,73,91,18,83,56,31,70,55,70,13,98,11,1,75,9,16,41,28,55,17,69,37,31
280,Gf Mn,083-4739-0031,5,86,57,38,3,85
281,Xnwdlr Wznli,779-2753-8351,22,51,2,80,43,88,52,56,12,27,45,66,75,51,22,18,45,18,45,77,73,49,42
282,Rvjw Jlph,495-3077-9974,17,69,47,22,30,44,32,85,5,39,48,88,37,61,35,51,44,49
283,Iat Mh,188-1091-0594,14,34,92,64,17,47,59,14,45,51,4,10,46,71,48
284,Zigfiz Yuxsfh,874-2345-8814,37,52,84,6,4,3,39,43,85,63,7,32,8,81,61,70,95,58,99,88,23,33,31,18,18,2,24,59,30,24,39,36,78,14,46,41,40,48
285,Qqqvg Trcj,560-0369-9437,28,70,29,48,91,6,19,72,78,28,10,1,17,91,74,56,94,89,15,23,73,12,43,85,28,35,56,61,62
286,Hyd Oen,256-1683-0057,48,35,74,90,78,62,46,1,18,40,66,23,79,1,87,89,93,20,31,11,23,38,8,52,91,68,35,63,94,19,73,86,17,92,69,31,49,36,66,75,94,67,93,19,55,32,32,25,61
287,Ydnecha Phcckr,949-9607-8370,10,53,19,32,65,18,26,30,11,52,69
288,Plaxd Btxtm,635-0951-9990,45,18,64,74,52,21,6,59,51,64,25,14,50,68,60,8,91,29,16,34,23,96,32,86,64,87,99,14,58,14,60,83,9,17,92,21,58,71,7,42,49,26,9,60,44,12
289,Jtkn Bvm,351-8975-0510,33,36,9,16,39,77,33,88,91,76,28,36,12,78,73,94,90,7,85,22,73,75,44,53,27,20,78,16,90,35,27,8,2,6
290,Ab Xg,047-9299-8833,30,1,1,11,26,80,13,17,84,88,84,58,21,88,86,27,89,38,1,10,70,54,9,20,90,6,10,18,22,56,94
291,Rghzxj Vsatw,730-7513-9423,33,19,46,53,13,36,93,46,24,100,87,27,83,98,99,13,88,69,70,98,20,80,21,87,53,39,42,20,54,30,61,58,94,84
292,Iorp Vdoa,426-5537-0043,3,84,91,95
293,Zwe Iw,112-6881-8666,50,2,36,37,87,95,100,4,57,24,46,71,54,18,72,32,86,78,2,21,20,38,45,21,26,58,53,71,18,25,48,8,33,9,76,99,10,91,30,33,66,97,2,33,90,15,59,68,89,81,92
294,Qeoyur Xnkaqo,808-4805-9986,30,67,81,79,74,98,80,33,97,36,49,40,16,28,85,65,38,9,71,9,70,17,10,88,89,91,32,73,50,46,15
295,Hjbrs Lqvw,591-5129-0509,33,85,26,21,61,54,7,62,90,48,5,62,25,38,98,51,37,87,87,44,20,43,22,8,52,24,64,75,82,67,82,58,25,87
296,Yrl Hqf,287-3143-8129,2,50,18
297,Szyarzz Iuhnoy,903-4497-9449,13,68,63,5,35,13,67,20,70,72,11,53,96,58
298,Jhiqp Wsqgu,699-2414-0062,24,33,8,47,22,16,47,49,63,84,67,75,58,68,37,56,34,27,88,55,70,80,11,9,88
299,Amvj Nqi,382-3738-8682,26,51,53,89,9,72,74,78,3,96,70,97,20,78,50,89,33,58,57,43,20,6,23,76,51,62,39
300,Ru Fz,078-1752-9905,30,16,98,31,49,75,54,7,96,61,26,19,29,88,10,75,32,89,73,31,70,85,35,43,61,95,18,79,42,78,23
301,Icssje Ulqbh,764-2076-0525,33,34,43,73,36,31,34,36,36,73,29,88,91,98,23,8,31,67,42,19,20,64,47,10,24,28,50,81,74,99,90,8,95,15
302,Zkci Kynt,450-0020-1145,24,99,35,15,23,34,61,65,76,85,85,10,100,55,36,94,30,98,58,54,17,43,12,77,87
303,Qpm Bi,143-8344-9468,14,17,80,57,10,90,41,94,69,97,88,32,62,65,49
304,Hxzrgm Wgaibs,839-9368-0088,27,82,25,99,97,46,21,23,9,9,91,1,24,75,62,13,28,7,43,30,17,48,36,11,60,80,93,34
305,Bfjke Gpom,555-7682-1608,20,100,70,41,84,49,48,52,49,21,47,23,33,85,75,46,80,38,59,65,67
306,Snw Dfa,241-8936-9921,27,65,15,83,71,5,28,81,42,33,50,45,95,95,35,32,79,69,28,53,17,6,13,45,86,99,4,38
307,Jsgtduy Bhpyvc,934-6950-0511,34,83,60,25,58,8,8,10,82,45,6,14,4,5,48,65,78,47,44,41,67,32,25,12,96,32,36,40,66,84,45,58,65,96,96
308,Aatmb Orjtc,620-7274-1134,32,48,52,67,45,64,35,39,75,57,9,36,66,15,61,51,77,78,13,76,17,11,37,79,59,18,15,89,98,5,65,83,11
309,Ridc Zih,316-5298-9454,35,66,97,9,32,67,15,68,15,69,65,58,75,25,74,84,76,9,29,64,67,90,2,46,22,51,47,91,30,26,32,8,57,21,19,72
310,Iq Qv,002-6512-0074,38,84,42,51,19,23,95,97,55,81,68,27,37,35,87,70,75,87,45,52,17,69,14,13,85,84,79,93,62,100,99,33,3,10,4,17,16,33,93
311,Zvalyw Tedjs,795-4566-1697,26,49,87,93,6,26,22,26,48,93,71,49,99,45,100,3,74,18,14,40,67,48,26,80,95,70,58
312,Tdne Wqjj,411-5880-9917,45,67,32,35,93,82,2,55,88,5,27,71,8,55,13,89,73,49,30,75,17,74,38,47,58,3,90,97,26,42,86,83,42,88,80,7,78,21,34,93,80,34,19,34,53,84
313,Klx Uu,107-3804-0530,42,32,77,77,80,85,82,84,81,17,30,40,70,65,73,22,72,27,99,63,14,53,3,14,21,36,22,46,58,16,53,8,88,24,65,52,6,12,28,50,81,87,27
314,Btknse Vznqpw,893-4128-1150,31,50,69,19,67,41,9,13,21,29,86,62,79,75,86,8,71,58,15,51,64,32,15,81,84,22,1,48,90,37,20,33
315,Sbudq Ylez,589-2142-9470,31,15,14,61,54,44,89,42,61,94,89,84,41,85,99,41,70,36,84,86,14,11,27,48,94,55,33,50,22,11,87,58
316,Jge Wrs,272-0496-0093,27,33,59,3,41,100,69,71,54,6,92,6,3,95,12,27,22,67,100,74,64,37,39,15,57,88,12,52
317,Aormpmx Uxxjzg,968-1410-1613,4,98,4,45,28
318,Rwbfn Gncjh,654-9734-9233,3,16,49,87
319,Ieov Ldg,340-0751-0556,18,81,94,82,55,62,56,58,27,42,7,19,83,72,98,32,19,7,1
320,Cj Yo,063-8005-1176,35,99,86,24,42,18,83,87,67,54,10,88,45,82,11,65,18,38,70,73,64,100,40,36,56,26,87,7,82,69,28,83,4,94,25,20
321,Trlhkr Pxtrd,759-9329-9799,17,64,31,66,29,74,63,16,60,66,66,10,7,92,24,51,17,16
322,Kzvx Ilic,445-7343-0089,36,82,76,8,16,77,43,45,100,78,69,32,16,2,37,84,16,47,2,96,64,58,17,70,82,92,98,58,46,64,62,33,43,19,48,10,76
323,Bhi Qg,131-8667-1609,5,47,21,50,3,33
324,Smsgez Rsayad,824-6681-9222,20,65,66,92,90,36,50,3,33,2,28,23,87,22,63,3,14,56,87,72,11
325,Jufzf Tkxm,510-7935-0542,13,30,11,34,77,92,30,32,73,14,31,45,49,32
326,Acp Pdn,206-5959-1165,26,48,3,76,64,95,57,61,13,26,87,14,11,42,36,22,12,18,72,95,11,21,18,38,28,30,73
327,Ukzibht Nkfudn,922-3273-9785,13,13,48,18,51,51,37,90,6,38,90,36,20,52
328,Lpmyz Bmswp,615-4297-0005,49,31,93,60,38,54,17,19,46,50,93,58,82,62,62,41,63,27,57,18,11,79,95,72,54,96,84,17,38,96,70,83,66,100,70,80,56,19,50,76,32,53,6,3,6,83,100,71,35,92
329,Cxwr Avf,301-2541-1628,5,96,38,2,25,10
330,Tf Jh,097-3565-2248,44,14,83,44,12,13,24,77,79,27,52,49,53,82,88,60,61,36,42,94,11,84,19,6,27,15,95,68,2,91,4,33,5,25,46,70,65,54,38,43,87,12,75,91,95
331,Kntawj Ongwo,783-1889-0568,13,79,28,86,99,69,4,6,19,39,8,71,62,39
332,Bsgq Udhv,476-2803-1181,1,97
333,Saq Js,162-0127-2701,20,62,65,70,73,28,11,64,52,63,67,62,86,59,74,65,58,76,43,5,61
334,Jidztr Qiqglh,858-1171-0024,18,80,10,12,60,31,91,93,45,75,70,84,95,69,87,98,57,7,59
335,Dqnsr Ljqc,574-9495-1644,43,98,55,54,47,87,18,22,85,87,73,6,57,79,100,84,56,38,28,28,8,26,32,41,89,33,49,25,9,2,92,58,82,17,30,48,64,74,14,34,4,36,68,17
336,Uva Lpf,267-0719-2264,41,63,100,96,34,90,98,51,25,99,29,75,66,89,13,70,55,16,44,16,58,5,97,8,52,19,81,27,41,23,12,83,75,6,15,93,45,18,8,91,58,89
337,Ldkbnzs Dxnikr,953-8733-0557,26,81,45,38,74,46,78,80,18,11,32,97,28,99,26,3,54,47,13,4,8,31,9,75,15,52,13
338,Clxuo Tlljx,649-9087-1177,26,46,37,80,61,2,5,9,58,23,88,19,90,9,39,89,6,78,29,92,58,10,21,95,25,85,92
339,Tthk Mne,335-7001-2790,28,64,82,22,48,5,85,38,98,35,91,88,99,19,99,22,5,56,98,27,8,89,33,62,88,71,24,80,37
340,Ky Rd,028-5325-0010,39,29,27,64,35,61,65,67,91,47,94,10,61,29,12,8,4,87,14,15,58,68,98,29,51,4,56,82,69,13,80,83,6,9,14,73,63,41,37,25
341,Bgetie Ngtec,714-6342-1630,21,47,72,6,22,64,92,96,31,59,50,32,70,39,25,41,3,65,30,3,8,94
342,Soom Gygo,400-4666-2253,10,12,17,48,9,20,72,25,24,71,53
343,Mwb Ch,126-5610-0573,1,30
344,Dblvfm Pbdlwl,819-3934-1193,12,95,54,32,83,79,79,83,4,95,12,45,3
345,Ujyld Gijp,505-4958-2716,19,13,99,74,70,82,59,12,97,60,68,14,65,79,24,79,99,36,100,49
346,Lri Eba,291-2272-0336,8,78,44,16,57,38,39,41,37
347,Czvuzur Wnvtov,987-3296-1659,22,96,89,58,44,41,66,70,30,84,74,58,36,46,50,98,97,45,85,25,55,15,88
348,Tefna Okezf,670-1540-2279,48,61,34,53,31,97,46,99,70,96,30,27,45,56,63,84,49,76,1,13,5,94,100,65,49,27,53,92,25,40,22,30,68,15,59,86,52,40,95,40,47,43,31,48,90,42,10,45,89
349,Kmsd Yia,366-2564-0899,8,79,79,95,18,100,26,28,10
350,Eu Cw,082-0888-1112,8,44,71,37,5,56,53,57,3
351,Vcmpuw Mzjmn,778-8102-2732,20,62,16,79,92,59,33,86,43,32,92,93,78,86,2,36,46,16,55,24,55
352,Mhzf Vqch,461-9156-0352,28,27,61,21,79,15,13,15,83,44,95,62,40,96,62,22,45,47,71,59,5,57,1,33,48,12,75,47,53
353,Dpj Yt,157-7470-1645,27,45,6,63,66,18,40,44,76,56,51,84,49,6,75,8,44,25,87,47,55,36,13,100,58,45,7,49
354,Uxwore Ouqths,843-8494-2265,35,10,51,5,53,74,20,73,16,68,54,6,11,16,88,41,43,56,56,35,5,62,25,67,21,31,86,98,17,72,30,80,38,43,81,56
355,Lfghp Yecc,539-6718-0888,32,28,43,47,40,30,100,2,9,80,10,75,73,26,1,27,42,87,72,70,55,41,90,34,84,64,18,100,49,93,97,5,84
356,Ckt Xns,222-7732-1108,32,93,88,89,80,33,27,31,49,92,13,97,82,36,14,60,41,65,41,58,5,20,2,1,47,97,50,2,81,67,64,30,30
357,Tsdqomq Paaesc,918-5086-2728,21,11,33,31,67,89,7,60,89,4,69,19,44,46,27,46,40,96,57,46,2,99
358,Naqgm Gjxmn,634-6000-3341,14,76,78,73,54,92,87,89,82,16,72,88,53,56,87
359,Eiaz Kaz,320-4324-1661,29,94,23,15,41,48,14,18,22,28,75,10,15,66,100,65,91,5,42,69,2,4,91,55,83,49,93,55,77,83
360,Vq Np,016-5348-2284,18,59,68,57,28,51,94,47,15,93,31,32,77,23,13,98,90,36,58
361,Mvxijo Lswuy,709-3692-3804,7,77,60,99,15,7,74,76
362,Ddky Hlbx,495-4619-1124,5,95,5,41,2,10
363,Ulu Rf,181-2933-2747,1,60
364,Ltehdz Nngbvw,877-0957-3367,50,78,95,25,76,69,61,63,28,41,96,14,19,63,65,36,86,7,28,56,52,46,4,90,92,20,47,12,37,41,6,30,92,27,2,59,30,91,64,23,52,62,71,17,43,41,18,23,11,59,46
365,Fyrab Tdss,590-1271-1687,24,43,40,67,63,25,88,92,68,53,52,36,28,73,25,22,85,85,44,91,2,25,16,57,55
366,Wgb Qcn,286-9225-2200,3,61,85,9
367,Noojahp Iqipwg,972-0549-3820,50,26,77,51,37,84,48,50,1,77,11,80,52,93,51,41,83,94,29,67,2,30,93,91,81,72,90,65,33,10,60,5,77,41,63,94,20,70,99,100,61,27,48,49,100,64,43,70,60,68,71
368,Ewycy Bfnzv,668-8863-1113,28,44,22,93,24,87,75,79,94,89,14,49,61,3,64,74,82,25,98,55,99,9,5,58,91,5,69,67,65
369,Vbls Wvy,351-9887-2733,31,9,67,35,11,43,55,8,34,1,70,71,23,13,77,60,81,56,14,90,49,88,17,25,54,91,1,69,97,52,47,55
370,Mj Vl,047-7131-3353,16,27,12,77,98,46,35,37,74,13,73,93,32,23,90,93,33
371,Dribvj Hljcj,733-8155-1976,34,92,57,19,85,2,62,66,67,25,76,62,94,33,50,79,32,65,99,66,49,93,94,59,80,57,12,20,61,47,81,5,8,44,9
372,Uzsu Tdaq,429-6479-2296,24,10,2,61,72,58,42,95,7,37,32,84,56,43,63,65,31,96,15,1,99,72,6,26,90
373,Oef Kr,142-7493-3819,43,75,94,3,59,61,22,24,100,49,35,6,65,53,76,98,30,74,84,89,49,51,18,93,53,76,23,24,25,42,68,55,47,22,85,17,100,81,16,48,79,4,49,19
374,Fmpdpr Jgtjga,838-5717-1439,17,93,39,45,46,17,2,53,40,61,91,75,27,10,89,84,29,5
375,Wuztq Lclf,524-3761-2759,50,58,84,87,86,20,29,82,80,26,94,97,36,20,2,17,28,36,16,12,49,56,95,27,79,95,87,75,89,37,2,5,86,47,8,7,9,69,57,15,87,63,18,60,3,37,47,9,71,92,18
376,Ncm Mof,210-4085-3372,18,76,29,29,73,76,9,11,73,38,97,19,98,30,15,3,27,14,85
377,Ehwcmzl Bdqadn,903-2009-1992,50,41,74,24,60,79,89,40,13,50,53,88,60,40,28,36,26,45,1,88,49,14,19,61,52,61,98,79,53,79,89,55,78,25,31,97,71,57,45,82,42,22,34,48,92,17,48,7,37,98,68
378,Vpjvk Tegpa,699-3323-2212,3,59,19,66
379,Mxtl Inx,385-1347-3835,47,24,11,8,34,38,96,98,46,74,12,32,31,60,1,55,24,54,86,11,49,19,96,95,25,80,9,30,17,74,23,5,17,50,54,87,80,45,86,49,50,81,3,89,81,50,49,5
380,Df Ge,071-2691-1455,3,42,56,50
381,Xkquhb Gbzku,794-0615-2778,21,7,1,92,8,97,3,56,79,98,71,23,2,80,27,74,75,16,71,87,96,77
382,Osdn Fvzj,480-1939-3398,20,25,46,34,95,53,83,85,19,10,74,45,11,90,40,60,74,94,87,22,46
383,Fan Gd,176-9256-4988,6,90,91,76,82,56,63
384,Wiawem Iwgrrh,862-0200-2201,14,8,36,18,69,12,90,43,52,34,33,36,35,10,13
385,Nnkpc Gbes,555-8524-3821,29,73,28,60,56,15,70,72,92,46,36,58,44,20,26,12,71,34,41,33,96,40,74,50,50,84,95,89,9,6
386,Evx Faa,241-9548-4444,31,91,73,2,43,71,50,1,32,58,92,80,6,30,39,98,70,65,57,21,46,19,86,17,13,17,27,38,41,80,98,80
387,Vdhyyuk Rqyohr,937-7862-2764,33,9,18,44,30,74,77,30,25,70,95,49,15,40,52,31,69,96,73,9,96,45,98,84,23,3,6,40,73,1,65,5,79,56
388,Plrow Odzci,653-5886-3384,2,74,63
389,Gqeh Xiw,346-6130-4907,36,92,8,28,4,86,37,88,58,47,54,93,39,7,78,50,67,5,58,32,96,3,75,18,49,69,70,44,37,96,52,55,71,34,75,90,78
390,Xy Ox,032-4154-2227,32,57,53,70,91,89,64,70,98,59,57,62,48,17,91,36,66,36,27,20,46,82,87,85,12,55,49,46,69,17,19,80,64
391,Ogbqtw Fumpi,728-5478-3847,20,75,45,12,78,45,44,99,38,71,13,84,10,27,51,22,65,14,43,8,43
392,Folg Rqyc,414-3492-4460,11,40,90,54,65,48,24,28,31,83,16,6
393,Wty Zs,107-4746-2780,19,58,35,96,5,4,51,57,71,95,72,75,81,47,77,41,16,23,28,31
394,Nbipqe Hpwzcl,893-2760-3303,43,23,80,38,92,7,31,86,64,7,75,97,43,57,90,74,15,54,44,19,93,45,88,53,11,40,24,1,97,54,40,80,95,73,59,15,77,99,8,22,48,47,82,61
395,Ejvio Yaxi,589-3084-4923,16,41,25,80,79,63,11,15,4,19,78,19,52,67,3,60,14
396,Yrf Yms,205-1008-2543,35,6,70,22,66,66,38,44,44,31,34,88,14,77,16,93,13,63,29,42,93,50,12,87,84,6,35,52,61,49,74,30,87,51,35,5
397,Pwsrkmj Kggzlv,998-2322-3866,39,24,62,64,53,22,18,73,37,43,37,10,23,87,76,79,12,94,98,30,43,29,77,54,47,92,67,54,93,23,94,55,80,40,20,50,67,31,43,99
398,Geckl Gcssq,684-0676-4486,10,89,7,6,40,25,98,2,77,55,93
399,Xmpa Jas,370-1690-2079,32,7,52,48,27,81,25,31,17,67,96,54,47,7,2,98,10,3,30,53,43,87,1,88,20,58,78,5,57,65,28,5,72
400,Ou Zt,066-9914-3399,15,72,97,90,14,84,5,60,10,79,99,23,56,17,15,31
